,wikidata_code,name,gender,un_region,un_subregion,level1_main_occ,level2_main_occ,level3_main_occ,wiki_readers_2015_2018,ranking_visib_5criteria,total_noccur_links_b
1052293,Q303,Elvis_Presley,Male,America,Northern America,Culture,Culture-core,actor,46304640,10.0,97
1706571,Q5582,Vincent_van_Gogh,Male,Europe,Western Europe,Culture,Culture-core,painter,34517964,13.0,100
857902,Q254,Wolfgang_Amadeus_Mozart,Male,Europe,Western Europe,Culture,Culture-core,composer,35450072,14.0,118
861393,Q255,Ludwig_van_Beethoven,Male,Europe,Western Europe,Culture,Culture-core,composer,32052194,17.0,114
1710992,Q5593,Pablo_Picasso,Male,Europe,Southern Europe,Culture,Culture-core,painter,36702848,18.5,125
2291069,Q9960,Ronald_Reagan,Male,America,Northern America,Culture,Culture-core,actor,37631824,20.0,81
2240770,Q882,Charlie_Chaplin,Male,Europe,Western Europe,Culture,Culture-core,film,30305712,23.0,92
1632773,Q5383,David_Bowie,Male,Europe,Western Europe,Culture,Culture-core,painter,55206424,32.0,111
487427,Q1744,Madonna_(entertainer),Female,America,Northern America,Culture,Culture-core,singer,33911644,32.0,95
1391415,Q4616,Marilyn_Monroe,Female,America,Northern America,Culture,Culture-core,actor,43262260,34.0,84
1301568,Q392,Bob_Dylan,Male,America,Northern America,Culture,Culture-core,singer,25598754,35.0,112
1704983,Q5577,Salvador_Dalí,Male,Europe,Southern Europe,Culture,Culture-core,painter,22196088,38.0,113
145017,Q1339,Johann_Sebastian_Bach,Male,Europe,Western Europe,Culture,Culture-core,composer,18185908,44.0,91
1623623,Q535,Victor_Hugo,Male,Europe,Western Europe,Culture,Culture-core,poet,16768493,47.0,129
431983,Q16867,Edgar_Allan_Poe,Male,America,Northern America,Culture,Culture-core,poet,19658572,48.0,106
2237163,Q8704,Walt_Disney,Male,America,Northern America,Culture,Culture-core,screenwriter,28157760,49.0,95
2252657,Q9068,Voltaire,Male,Europe,Western Europe,Culture,Culture-core,writer,16594192,51.0,104
2251626,Q905,Franz_Kafka,Male,Europe,Western Europe,Culture,Culture-core,novelist,16159249,53.0,101
1747348,Q5686,Charles_Dickens,Male,Europe,Western Europe,Culture,Culture-core,writer,16847468,54.0,107
1951265,Q6527,Jean-Jacques_Rousseau,Male,Europe,Western Europe,Culture,Culture-core,writer,16561200,55.0,90
903948,Q2685,Arnold_Schwarzenegger,Male,Europe,Western Europe,Culture,Culture-core,actor,49880844,56.0,72
118679,Q1268,Frédéric_Chopin,Male,Europe,Eastern Europe,Culture,Culture-core,composer,14326800,57.0,98
616407,Q19848,Lady_Gaga,Female,America,Northern America,Culture,Culture-core,singer,43217868,58.0,64
89929,Q11975,Britney_Spears,Female,America,Northern America,Culture,Culture-core,singer,27007422,59.0,76
784888,Q23434,Ernest_Hemingway,Male,America,Northern America,Culture,Culture-core,screenwriter,24832682,63.0,89
1789048,Q5879,Johann_Wolfgang_von_Goethe,Male,Europe,Western Europe,Culture,Culture-core,poet,13681840,64.0,138
170388,Q13909,Angelina_Jolie,Female,America,Northern America,Culture,Culture-core,actor,50690528,68.0,66
2244471,Q892,J._R._R._Tolkien,Male,Europe,Western Europe,Culture,Culture-core,writer,15893694,74.0,87
1240724,Q36844,Rihanna,Female,America,Caribbean,Culture,Culture-core,singer,39925984,76.5,66
2106867,Q7374,Alfred_Hitchcock,Male,Europe,Western Europe,Culture,Culture-core,film,13669537,76.5,88
1190218,Q34660,J._K._Rowling,Female,Europe,Western Europe,Culture,Culture-core,film,26357860,79.0,70
1321902,Q40912,Frank_Sinatra,Male,America,Northern America,Culture,Culture-core,actor,27605594,82.5,80
850928,Q25089,Woody_Allen,Male,America,Northern America,Culture,Culture-core,film,20565612,82.5,91
2289464,Q991,Fyodor_Dostoevsky,Male,Europe,Eastern Europe,Culture,Culture-core,novelist,12878684,85.0,95
2237779,Q873,Meryl_Streep,Female,America,Northern America,Culture,Culture-core,actor,28552612,86.0,69
1713944,Q5603,Andy_Warhol,Male,America,Northern America,Culture,Culture-core,film,20733836,87.0,112
1072371,Q30875,Oscar_Wilde,Male,Europe,Western Europe,Culture,Culture-core,poet,17013658,89.0,107
1310970,Q39829,Stephen_King,Male,America,Northern America,Culture,Culture-core,writer,28418496,90.0,77
2066475,Q7243,Leo_Tolstoy,Male,Europe,Eastern Europe,Culture,Culture-core,writer,16154057,92.0,100
2230132,Q83287,Selena_Gomez,Female,America,Northern America,Culture,Culture-core,singer,45699548,95.0,63
37921,Q1067,Dante_Alighieri,Male,Europe,Southern Europe,Culture,Culture-core,poet,14747548,96.0,104
216162,Q1511,Richard_Wagner,Male,Europe,Western Europe,Culture,Culture-core,composer,10885726,97.0,112
1246729,Q37175,Johnny_Depp,Male,America,Northern America,Culture,Culture-core,film,57327096,99.0,68
2242690,Q8877,Steven_Spielberg,Male,America,Northern America,Culture,Culture-core,film,12489638,100.0,89
1788799,Q5878,Gabriel_García_Márquez,Male,America,South America,Culture,Culture-core,novelist,15660748,104.0,79
1798325,Q5928,Jimi_Hendrix,Male,America,Northern America,Culture,Culture-core,singer,21805878,106.0,69
2066818,Q7245,Mark_Twain,Male,America,Northern America,Culture,Culture-core,writer,13311106,110.0,107
1176973,Q34012,Marlon_Brando,Male,America,Northern America,Culture,Culture-core,actor,22819020,112.0,65
635837,Q2001,Stanley_Kubrick,Male,America,Northern America,Culture,Culture-core,film,16390247,114.0,77
2136104,Q7542,Prince_(musician),Male,America,Northern America,Culture,Culture-core,actor,46583648,117.0,68
1176518,Q33977,Jules_Verne,Male,Europe,Western Europe,Culture,Culture-core,novelist,12038297,119.5,95
1230882,Q36322,Jane_Austen,Female,Europe,Western Europe,Culture,Culture-core,writer,13305799,121.0,99
1321791,Q409,Bob_Marley,Male,America,Caribbean,Culture,Culture-core,singer,33565436,124.0,78
1321884,Q40909,Virginia_Woolf,Female,Europe,Western Europe,Culture,Culture-core,novelist,13308669,125.0,90
1205929,Q35332,Brad_Pitt,Male,America,Northern America,Culture,Culture-core,actor,43640892,126.0,58
1177736,Q34086,Justin_Bieber,Male,America,Northern America,Culture,Culture-core,singer,54860564,127.0,58
1026518,Q296,Claude_Monet,Male,Europe,Western Europe,Culture,Culture-core,painter,12568474,128.0,97
1190256,Q34670,Albert_Camus,Male,Europe,Western Europe,Culture,Culture-core,writer,11754231,129.0,100
2080716,Q7315,Pyotr_Ilyich_Tchaikovsky,Male,Europe,Eastern Europe,Culture,Culture-core,composer,11773272,131.0,78
1743908,Q5673,Hans_Christian_Andersen,Male,Europe,Northern Europe,Culture,Culture-core,writer,10792641,132.0,99
121703,Q1276,Leonard_Cohen,Male,America,Northern America,Culture,Culture-core,singer,15148310,135.5,83
1352482,Q43203,Clint_Eastwood,Male,America,Northern America,Culture,Culture-core,actor,37866456,138.0,57
1320204,Q40715,Jennifer_Lopez,Female,America,Northern America,Culture,Culture-core,actor,20264552,139.0,61
1155881,Q3335,George_Orwell,Male,Europe,Western Europe,Culture,Culture-core,novelist,13287199,142.0,84
1187849,Q34436,Scarlett_Johansson,Female,America,Northern America,Culture,Culture-core,actor,47599048,143.0,58
1265926,Q3772,Quentin_Tarantino,Male,America,Northern America,Culture,Culture-core,actor,33523964,149.0,62
953145,Q2808,Elton_John,Male,Europe,Western Europe,Culture,Culture-core,singer,19556592,150.0,70
1746645,Q5682,Miguel_de_Cervantes,Male,Europe,Southern Europe,Culture,Culture-core,novelist,11330573,151.0,102
1712986,Q5598,Rembrandt,Male,Europe,Western Europe,Culture,Culture-core,painter,9167747,153.0,103
91554,Q12003,Cher,Female,America,Northern America,Culture,Culture-core,actor,22770646,155.0,60
1709402,Q5588,Frida_Kahlo,Female,America,Central America,Culture,Culture-core,painter,38787800,156.5,65
1346345,Q42786,Audrey_Hepburn,Female,Europe,Western Europe,Culture,Culture-core,actor,30709368,158.5,65
779469,Q23215,Adele,Female,Europe,Western Europe,Culture,Culture-core,singer,40407504,160.0,57
1275379,Q38111,Leonardo_DiCaprio,Male,America,Northern America,Culture,Culture-core,actor,69849984,162.0,58
904451,Q26876,Taylor_Swift,Female,America,Northern America,Culture,Culture-core,singer,42779736,163.0,55
2066259,Q7241,Rabindranath_Tagore,Male,Asia,South Asia incl. Indian Peninsula,Culture,Culture-core,painter,12684092,166.0,98
1712482,Q5597,Raphael,Male,Europe,Southern Europe,Culture,Culture-core,painter,10076520,169.0,84
1340076,Q4235,Miley_Cyrus,Female,America,Northern America,Culture,Culture-core,singer,33276424,170.0,54
1543944,Q5105,Celine_Dion,Female,America,Northern America,Culture,Culture-core,singer,21852340,173.0,53
1241470,Q36949,Robert_De_Niro,Male,America,Northern America,Culture,Culture-core,film,31410870,176.0,59
278003,Q15869,Freddie_Mercury,Male,Europe,Western Europe,Culture,Culture-core,singer,80061168,177.0,53
1745827,Q5679,Lord_Byron,Male,Europe,Western Europe,Culture,Culture-core,poet,8405425,180.0,106
1645468,Q5432,Francisco_Goya,Male,Europe,Southern Europe,Culture,Culture-core,painter,7095266,185.0,97
757192,Q2263,Tom_Hanks,Male,America,Northern America,Culture,Culture-core,actor,17146252,188.0,69
1185938,Q34389,Whitney_Houston,Female,America,Northern America,Culture,Culture-core,singer,25009546,193.5,55
1713610,Q56016,Katharine_Hepburn,Female,America,Northern America,Culture,Culture-core,actor,12600853,193.5,65
887719,Q2632,Ringo_Starr,Male,Europe,Western Europe,Culture,Culture-core,actor,14092724,195.0,64
1254078,Q37459,Nicole_Kidman,Female,Oceania,Oceania Western World,Culture,Culture-core,actor,28737372,199.0,55
1343316,Q42574,James_Cameron,Male,America,Northern America,Culture,Culture-core,film,14933231,201.0,81
1323935,Q41148,Martin_Scorsese,Male,America,Northern America,Culture,Culture-core,film,15382712,202.0,64
2253824,Q909,Jorge_Luis_Borges,Male,America,South America,Culture,Culture-core,writer,7783319,204.5,84
1196604,Q34981,Isaac_Asimov,Male,America,Northern America,Culture,Culture-core,writer,9863052,206.0,70
1964159,Q6691,Homer,Male,Europe,Southern Europe,Culture,Culture-core,poet,11956010,208.5,85
1329069,Q41594,Christina_Aguilera,Female,America,Northern America,Culture,Culture-core,singer,15960360,208.5,54
1392792,Q4636,Barbra_Streisand,Female,America,Northern America,Culture,Culture-core,actor,15089431,210.0,67
844149,Q24829,Orson_Welles,Male,America,Northern America,Culture,Culture-core,actor,9545742,213.5,102
91271,Q11998,Kylie_Minogue,Female,Oceania,Oceania Western World,Culture,Culture-core,actor,12752900,213.5,58
1301865,Q3925,Grace_Kelly,Female,America,Northern America,Culture,Culture-core,actor,19176164,215.0,63
382174,Q16397,Bruce_Lee,Male,Asia,Eastern Asia,Culture,Culture-core,film,44238672,216.0,53
1391016,Q4612,Marlene_Dietrich,Female,Europe,Western Europe,Culture,Culture-core,actor,8661559,217.0,73
1269264,Q37876,Natalie_Portman,Female,Asia,Western Asia (Middle East Caucasus),Culture,Culture-core,film,38012392,221.0,55
1342132,Q42493,Katy_Perry,Female,America,Northern America,Culture,Culture-core,singer,27165910,222.0,52
1682836,Q55400,Hayao_Miyazaki,Male,Asia,Eastern Asia,Culture,Culture-core,film,16016367,224.0,64
2080807,Q7317,Giuseppe_Verdi,Male,Europe,Southern Europe,Culture,Culture-core,composer,6577287,225.0,94
1324403,Q41173,Demi_Lovato,Female,America,Northern America,Culture,Culture-core,actor,32022980,226.5,51
2078347,Q7302,George_Frideric_Handel,Male,Europe,Western Europe,Culture,Culture-core,composer,6452052,228.0,99
570748,Q189490,Jennifer_Lawrence,Female,America,Northern America,Culture,Culture-core,actor,44577104,230.0,54
2281985,Q9711,Honoré_de_Balzac,Male,Europe,Western Europe,Culture,Culture-core,novelist,7095900,234.0,102
804003,Q23844,George_Clooney,Male,America,Northern America,Culture,Culture-core,film,25163792,235.0,60
1336543,Q42207,Caravaggio,Male,Europe,Southern Europe,Culture,Culture-core,painter,8250219,236.0,80
1357078,Q43432,Justin_Timberlake,Male,America,Northern America,Culture,Culture-core,actor,26096052,238.0,54
1341919,Q42455,Björk,Female,Europe,Northern Europe,Culture,Culture-core,composer,9846420,241.0,76
901867,Q2680,Bruce_Willis,Male,America,Northern America,Culture,Culture-core,actor,25256764,242.0,60
1263736,Q37693,Paul_Gauguin,Male,Europe,Western Europe,Culture,Culture-core,painter,7208238,243.0,98
2007706,Q6882,James_Joyce,Male,Europe,Western Europe,Culture,Culture-core,poet,6318386,246.0,95
1323374,Q41076,Mariah_Carey,Female,America,Northern America,Culture,Culture-core,singer,24272400,247.0,50
71633,Q11637,Judy_Garland,Female,America,Northern America,Culture,Culture-core,actor,16683441,249.0,58
1313032,Q40026,Sylvester_Stallone,Male,America,Northern America,Culture,Culture-core,actor,55005928,250.0,53
1178645,Q34189,Pablo_Neruda,Male,America,South America,Culture,Culture-core,poet,9726190,251.0,80
1416557,Q47152,Mary_Shelley,Female,Europe,Western Europe,Culture,Culture-core,writer,7444854,253.0,82
1521338,Q504,Émile_Zola,Male,Europe,Western Europe,Culture,Culture-core,novelist,7460465,254.0,106
1829549,Q6060,50_Cent,Male,America,Northern America,Culture,Culture-core,actor,19560162,259.0,56
1230565,Q36301,Anne_Hathaway,Female,America,Northern America,Culture,Culture-core,actor,26827990,260.0,64
1386903,Q4573,Sean_Connery,Male,Europe,Western Europe,Culture,Culture-core,actor,10209290,261.0,68
851778,Q25144,Kevin_Spacey,Male,America,Northern America,Culture,Culture-core,actor,26273686,262.0,67
220357,Q151892,Ariana_Grande,Female,America,Northern America,Culture,Culture-core,actor,66116360,264.0,51
1211330,Q35610,Arthur_Conan_Doyle,Male,Europe,Western Europe,Culture,Culture-core,writer,9714199,265.0,90
444453,Q169566,H._P._Lovecraft,Male,America,Northern America,Culture,Culture-core,novelist,11379191,266.0,67
1241795,Q36970,Jackie_Chan,Male,America,Northern America,Culture,Culture-core,film,37284252,267.5,49
1056883,Q30449,Avril_Lavigne,Female,America,Northern America,Culture,Culture-core,singer,21935148,269.0,48
1278028,Q38222,George_Lucas,Male,America,Northern America,Culture,Culture-core,film,12986692,270.0,59
1325970,Q41309,Franz_Liszt,Male,Europe,Western Europe,Culture,Culture-core,composer,6440450,271.0,97
1558247,Q51552,Roman_Polanski,Male,Europe,Eastern Europe,Culture,Culture-core,film,15810053,272.0,59
2201925,Q8006,Akira_Kurosawa,Male,Asia,Eastern Asia,Culture,Culture-core,film,6623622,273.0,73
2062957,Q7200,Alexander_Pushkin,Male,Europe,Eastern Europe,Culture,Culture-core,poet,13876033,275.0,100
279218,Q15897,Amy_Winehouse,Female,Europe,Western Europe,Culture,Culture-core,singer,27930064,286.0,48
1318493,Q40531,John_Wayne,Male,America,Northern America,Culture,Culture-core,actor,16600369,287.0,55
1705782,Q5580,Albrecht_Dürer,Male,Europe,Western Europe,Culture,Culture-core,painter,5677862,288.0,110
1310656,Q39792,Jack_Nicholson,Male,America,Northern America,Culture,Culture-core,actor,20423836,289.0,52
39381,Q10738,Dwayne_Johnson,Male,America,Northern America,Culture,Culture-core,actor,66736868,292.0,52
1369538,Q44301,Jim_Morrison,Male,America,Northern America,Culture,Culture-core,singer,15164692,293.0,51
1333651,Q41871,Paul_Newman,Male,America,Northern America,Culture,Culture-core,film,14730417,294.0,59
1323904,Q41142,Jane_Fonda,Female,America,Northern America,Culture,Culture-core,actor,18300528,296.0,67
2080016,Q7312,Franz_Schubert,Male,Europe,Western Europe,Culture,Culture-core,composer,7732406,297.0,77
112797,Q125121,Aretha_Franklin,Female,America,Northern America,Culture,Culture-core,singer,17415844,299.0,59
2222334,Q81328,Harrison_Ford,Male,America,Northern America,Culture,Culture-core,actor,31099748,302.0,51
2221843,Q80966,Cate_Blanchett,Female,Oceania,Oceania Western World,Culture,Culture-core,film,21203702,303.0,50
2264892,Q93341,Miles_Davis,Male,America,Northern America,Culture,Culture-core,composer,8143485,305.0,74
1836618,Q6096,Snoop_Dogg,Male,America,Northern America,Culture,Culture-core,actor,25825310,306.0,56
2136221,Q7546,Ingmar_Bergman,Male,Europe,Northern Europe,Culture,Culture-core,film,5938021,308.0,82
2096014,Q7349,Joseph_Haydn,Male,Europe,Western Europe,Culture,Culture-core,composer,6630637,311.0,90
95946,Q121507,Alicia_Keys,Female,America,Northern America,Culture,Culture-core,actor,14238101,312.0,56
504629,Q1779,Louis_Armstrong,Male,America,Northern America,Culture,Culture-core,actor,9332318,313.0,82
133243,Q130311,George_Michael,Male,Europe,Western Europe,Culture,Culture-core,singer,14888958,314.0,53
1342303,Q42511,H._G._Wells,Male,Europe,Western Europe,Culture,Culture-core,writer,6543175,317.5,84
648555,Q202765,Kate_Winslet,Female,Europe,Western Europe,Culture,Culture-core,actor,25842132,321.0,48
1324197,Q41163,Al_Pacino,Male,America,Northern America,Culture,Culture-core,film,25492572,323.5,50
1366427,Q44063,Reese_Witherspoon,Female,America,Northern America,Culture,Culture-core,actor,22611066,323.5,54
377421,Q1631,Édith_Piaf,Female,Europe,Western Europe,Culture,Culture-core,singer,10941881,325.5,64
1463365,Q483203,Sting_(musician),Male,Europe,Western Europe,Culture,Culture-core,actor,14396473,325.5,75
1245123,Q37079,Tom_Cruise,Male,America,Northern America,Culture,Culture-core,actor,54546640,328.0,53
1273437,Q38082,Lewis_Carroll,Male,Europe,Western Europe,Culture,Culture-core,writer,7721365,332.0,120
1314149,Q40096,Will_Smith,Male,America,Northern America,Culture,Culture-core,actor,41485096,333.0,52
186478,Q144622,Phil_Collins,Male,Europe,Western Europe,Culture,Culture-core,actor,15028505,334.5,56
512927,Q180338,Christopher_Lee,Male,Europe,Western Europe,Culture,Culture-core,actor,11441520,339.5,54
1486902,Q493,Arthur_Rimbaud,Male,Europe,Western Europe,Culture,Culture-core,poet,6306126,339.5,89
1718393,Q56094,Francis_Ford_Coppola,Male,America,Northern America,Culture,Culture-core,screenwriter,9796625,341.5,62
1310741,Q39803,Mario_Vargas_Llosa,Male,Europe,Southern Europe,Culture,Culture-core,novelist,6577299,344.0,72
1335472,Q42101,Denzel_Washington,Male,America,Northern America,Culture,Culture-core,film,23121016,348.0,57
1709644,Q5589,Henri_Matisse,Male,Europe,Western Europe,Culture,Culture-core,painter,6501644,350.0,93
1387362,Q45765,Jack_London,Male,America,Northern America,Culture,Culture-core,writer,6958804,352.0,78
513956,Q180560,Philip_Seymour_Hoffman,Male,America,Northern America,Culture,Culture-core,film,13456075,354.0,55
1353014,Q43252,Sophia_Loren,Female,Europe,Southern Europe,Culture,Culture-core,actor,13752516,359.0,55
97193,Q122020,Hilary_Duff,Female,America,Northern America,Culture,Culture-core,actor,13079689,361.0,55
1280456,Q38337,Alexandre_Dumas,Male,Europe,Western Europe,Culture,Culture-core,novelist,8715364,363.0,84
1229903,Q36268,Brigitte_Bardot,Female,Europe,Western Europe,Culture,Culture-core,actor,10449316,364.0,53
1958102,Q65932,Anthony_Hopkins,Male,Europe,Western Europe,Culture,Culture-core,film,17601660,365.0,53
1030710,Q297,Diego_Velázquez,Male,Europe,Southern Europe,Culture,Culture-core,painter,4905916,367.0,81
1250573,Q37327,Samuel_Beckett,Male,Europe,Western Europe,Culture,Culture-core,writer,4916130,368.0,99
1209428,Q35548,Paul_Cézanne,Male,Europe,Western Europe,Culture,Culture-core,painter,5598947,369.0,89
666754,Q2071,David_Lynch,Male,America,Northern America,Culture,Culture-core,film,11983397,374.0,63
1009757,Q2908,Antoine_de_Saint-Exupéry,Male,Europe,Western Europe,Culture,Culture-core,writer,8190600,376.0,76
874615,Q25973,Hermann_Hesse,Male,Europe,Western Europe,Culture,Culture-core,novelist,6797588,378.0,91
1325821,Q41264,Johannes_Vermeer,Male,Europe,Western Europe,Culture,Culture-core,painter,6035860,381.0,73
2062648,Q7197,Simone_de_Beauvoir,Female,Europe,Western Europe,Culture,Culture-core,writer,7392551,382.0,66
496157,Q175535,Matt_Damon,Male,America,Northern America,Culture,Culture-core,actor,28405624,387.0,50
1318480,Q40523,Julia_Roberts,Female,America,Northern America,Culture,Culture-core,actor,29912250,388.0,48
1243959,Q37030,Thomas_Mann,Male,Europe,Western Europe,Culture,Culture-core,novelist,5110440,389.0,79
137709,Q131814,Tina_Turner,Female,America,Northern America,Culture,Culture-core,singer,18530832,390.0,54
1327982,Q41513,William_Blake,Male,Europe,Western Europe,Culture,Culture-core,painter,6157788,391.0,113
124054,Q128121,Mick_Jagger,Male,Europe,Western Europe,Culture,Culture-core,actor,17741418,394.0,61
1318386,Q40475,Joan_Crawford,Female,America,Northern America,Culture,Culture-core,actor,10517725,395.0,63
1514386,Q501,Charles_Baudelaire,Male,Europe,Western Europe,Culture,Culture-core,poet,7311428,401.0,96
46707,Q108941,Carrie_Fisher,Female,America,Northern America,Culture,Culture-core,actor,40670532,401.0,55
1463161,Q483118,Ben_Affleck,Male,America,Northern America,Culture,Culture-core,actor,32546694,404.5,47
2230866,Q83492,Gary_Oldman,Male,Europe,Western Europe,Culture,Culture-core,actor,21630746,406.0,46
2041696,Q714,Stevie_Wonder,Male,America,Northern America,Culture,Culture-core,singer,14668537,410.0,63
1806561,Q5950,James_Brown,Male,America,Northern America,Culture,Culture-core,singer,10548380,412.0,55
123777,Q12807,Umberto_Eco,Male,Europe,Southern Europe,Culture,Culture-core,novelist,7083796,413.0,85
1406727,Q4700,Claude_Debussy,Male,Europe,Western Europe,Culture,Culture-core,composer,6197443,415.5,88
1354730,Q43347,Rumi,Male,Asia,Western Asia (Middle East Caucasus),Culture,Culture-core,poet,9040423,423.0,62
2080676,Q7314,Igor_Stravinsky,Male,Europe,Eastern Europe,Culture,Culture-core,composer,4805688,425.0,98
107722,Q123867,Marquis_de_Sade,Male,Europe,Western Europe,Culture,Culture-core,writer,7365056,426.0,65
1713439,Q56008,Tim_Burton,Male,America,Northern America,Culture,Culture-core,film,16963988,427.0,52
2062864,Q7199,Marcel_Proust,Male,Europe,Western Europe,Culture,Culture-core,novelist,6101618,430.0,79
1453186,Q47899,Paris_Hilton,Female,America,Northern America,Culture,Culture-core,actor,16088814,431.0,50
1301656,Q39212,John_Steinbeck,Male,America,Northern America,Culture,Culture-core,writer,6073543,438.0,76
173863,Q1401,Petrarch,Male,Europe,Southern Europe,Culture,Culture-core,poet,5100046,439.5,86
382046,Q16390,Humphrey_Bogart,Male,America,Northern America,Culture,Culture-core,actor,9302969,443.0,66
505968,Q1785,Charles_Aznavour,Male,Europe,Western Europe,Culture,Culture-core,singer,9621233,447.0,62
1368662,Q44221,Sean_Penn,Male,America,Northern America,Culture,Culture-core,actor,17771638,448.0,52
1187622,Q34424,Shakira,Female,America,South America,Culture,Culture-core,singer,37896596,450.0,42
218672,Q1514,Janis_Joplin,Female,America,Northern America,Culture,Culture-core,singer,16191746,451.0,63
2258709,Q9204,C._S._Lewis,Male,Europe,Western Europe,Culture,Culture-core,writer,7198677,452.0,67
3866,Q102642,Diane_Keaton,Female,America,Northern America,Culture,Culture-core,actor,11371001,454.0,54
130948,Q129591,Hugh_Jackman,Male,Oceania,Oceania Western World,Culture,Culture-core,singer,29799178,455.0,56
1375632,Q448,Denis_Diderot,Male,Europe,Western Europe,Culture,Culture-core,novelist,4335745,456.0,102
2075415,Q7294,Johannes_Brahms,Male,Europe,Western Europe,Culture,Culture-core,composer,5062223,457.0,87
217020,Q1512,Robert_Louis_Stevenson,Male,Europe,Western Europe,Culture,Culture-core,poet,5775745,458.0,110
804079,Q23848,Ennio_Morricone,Male,Europe,Southern Europe,Culture,Culture-core,composer,7892086,459.0,65
141480,Q133151,Ozzy_Osbourne,Male,Europe,Western Europe,Culture,Culture-core,singer,16600605,460.0,53
37146,Q106529,Alain_Delon,Male,Europe,Western Europe,Culture,Culture-core,actor,12022364,462.0,67
358940,Q162202,Nicki_Minaj,Female,America,Northern America,Culture,Culture-core,composer,27830934,463.0,44
1309463,Q39666,Penélope_Cruz,Female,Europe,Southern Europe,Culture,Culture-core,actor,18596932,464.0,47
2264962,Q93354,F._Scott_Fitzgerald,Male,America,Northern America,Culture,Culture-core,writer,10307770,465.0,79
2230340,Q83359,James_Dean,Male,America,Northern America,Culture,Culture-core,actor,16344816,466.0,58
2230530,Q83410,Cary_Grant,Male,Europe,Western Europe,Culture,Culture-core,actor,11547543,467.0,57
1839746,Q61064,Wassily_Kandinsky,Male,Europe,Eastern Europe,Culture,Culture-core,painter,7375490,471.0,88
1343404,Q42581,Keira_Knightley,Female,Europe,Western Europe,Culture,Culture-core,actor,26432720,472.0,49
136064,Q131149,Henry_David_Thoreau,Male,America,Northern America,Culture,Culture-core,poet,5445181,475.0,76
1463725,Q48337,Morgan_Freeman,Male,America,Northern America,Culture,Culture-core,film,25726132,476.0,48
2105743,Q7371,Federico_Fellini,Male,Europe,Southern Europe,Culture,Culture-core,film,4740691,477.0,83
1126854,Q32522,Jennifer_Aniston,Female,America,Northern America,Culture,Culture-core,actor,45121032,478.0,43
1347471,Q42869,Nicolas_Cage,Male,America,Northern America,Culture,Culture-core,actor,24965926,480.0,49
130328,Q129429,Vivien_Leigh,Female,Europe,Western Europe,Culture,Culture-core,actor,8716370,481.0,58
2097521,Q7351,Robert_Schumann,Male,Europe,Western Europe,Culture,Culture-core,composer,4811755,482.0,81
757938,Q22670,Friedrich_Schiller,Male,Europe,Western Europe,Culture,Culture-core,poet,4993679,483.0,87
1188200,Q34460,Gwyneth_Paltrow,Female,America,Northern America,Culture,Culture-core,actor,8952103,487.0,56
1195725,Q349391,Helen_Mirren,Female,Europe,Western Europe,Culture,Culture-core,actor,12099191,489.0,50
3195,Q102462,James_Stewart,Male,America,Northern America,Culture,Culture-core,actor,9728030,492.0,51
1673002,Q55245,Laurence_Olivier,Male,Europe,Western Europe,Culture,Culture-core,actor,6079379,493.0,75
1647608,Q5443,Greta_Garbo,Female,Europe,Northern Europe,Culture,Culture-core,actor,5638019,496.0,68
281229,Q15935,Kanye_West,Male,America,Northern America,Culture,Culture-core,singer,8625865,498.0,49
1445818,Q47664,Catherine_Zeta-Jones,Female,Europe,Western Europe,Culture,Culture-core,actor,17340570,501.0,51
1390802,Q46096,Felix_Mendelssohn,Male,Europe,Western Europe,Culture,Culture-core,composer,4322132,503.0,89
222128,Q152384,Joan_Miró,Male,Europe,Southern Europe,Culture,Culture-core,painter,4624757,505.0,85
1345753,Q42745,Rita_Hayworth,Female,America,Northern America,Culture,Culture-core,actor,8030331,506.0,59
851986,Q25161,Roald_Dahl,Male,Europe,Western Europe,Culture,Culture-core,novelist,12196026,509.0,86
1319116,Q40599,Édouard_Manet,Male,Europe,Western Europe,Culture,Culture-core,painter,4438123,510.0,91
105126,Q123351,Michael_Caine,Male,Europe,Western Europe,Culture,Culture-core,actor,13206836,511.0,48
1312223,Q39931,Pierre-Auguste_Renoir,Male,Europe,Western Europe,Culture,Culture-core,painter,5411180,512.5,90
1349046,Q42930,Dustin_Hoffman,Male,America,Northern America,Culture,Culture-core,actor,11506069,514.0,50
141151,Q133050,Susan_Sarandon,Female,America,Northern America,Culture,Culture-core,actor,12494036,515.0,56
1257947,Q37571,Jackson_Pollock,Male,America,Northern America,Culture,Culture-core,painter,7232313,516.0,67
1188426,Q34474,Aleksandr_Solzhenitsyn,Male,Europe,Eastern Europe,Culture,Culture-core,writer,5825931,517.0,60
468272,Q172678,Samuel_L._Jackson,Male,America,Northern America,Culture,Culture-core,actor,19855032,518.0,50
2272771,Q9535,Shah_Rukh_Khan,Male,Asia,South Asia incl. Indian Peninsula,Culture,Culture-core,film,25280976,519.0,42
1190224,Q34661,Gustav_Klimt,Male,Europe,Western Europe,Culture,Culture-core,painter,8648267,521.0,74
315660,Q160534,Jack_Kerouac,Male,America,Northern America,Culture,Culture-core,writer,5583994,523.0,77
594869,Q19526,Maya_Angelou,Female,America,Northern America,Culture,Culture-core,poet,7493153,524.0,59
851420,Q25120,Pier_Paolo_Pasolini,Male,Europe,Southern Europe,Culture,Culture-core,film,5659912,526.5,94
1452995,Q47875,Robbie_Williams,Male,Europe,Western Europe,Culture,Culture-core,singer,12899732,532.5,51
388766,Q165219,Robert_Downey_Jr.,Male,America,Northern America,Culture,Culture-core,actor,28017218,540.0,43
2213457,Q80405,Julianne_Moore,Female,America,Northern America,Culture,Culture-core,actor,14429252,542.0,43
1236220,Q36591,Vladimir_Nabokov,Male,America,Northern America,Culture,Culture-core,novelist,4696936,544.0,95
1462697,Q482907,Bryan_Adams,Male,America,Northern America,Culture,Culture-core,singer,8199835,545.0,54
1741960,Q5669,Sandro_Botticelli,Male,Europe,Southern Europe,Culture,Culture-core,painter,5462467,546.0,73
1042469,Q301,El_Greco,Male,Europe,Southern Europe,Culture,Culture-core,painter,3888308,547.5,72
853427,Q25191,Christopher_Nolan,Male,Europe,Western Europe,Culture,Culture-core,film,20110394,547.5,43
17447,Q1033016,Halle_Berry,Female,America,Northern America,Culture,Culture-core,actor,15729020,550.0,46
1014006,Q29250,Bill_Murray,Male,America,Northern America,Culture,Culture-core,screenwriter,15588372,551.0,53
1919779,Q633,Neil_Young,Male,America,Northern America,Culture,Culture-core,singer,9159393,553.5,64
90342,Q119798,Michael_Douglas,Male,America,Northern America,Culture,Culture-core,actor,21408200,555.0,46
127544,Q12881,Paulo_Coelho,Male,America,South America,Culture,Culture-core,writer,8426778,557.0,61
2077120,Q72984,Bing_Crosby,Male,America,Northern America,Culture,Culture-core,actor,7797410,559.0,69
2206236,Q80135,Dmitri_Shostakovich,Male,Europe,Eastern Europe,Culture,Culture-core,composer,5159613,560.5,71
26154,Q104000,Lauren_Bacall,Female,America,Northern America,Culture,Culture-core,actor,7292766,562.0,64
338775,Q161819,Julie_Andrews,Female,Europe,Western Europe,Culture,Culture-core,actor,13541508,563.0,50
574315,Q190386,Rachel_McAdams,Female,America,Northern America,Culture,Culture-core,actor,27829190,565.0,44
2221727,Q80938,John_Travolta,Male,America,Northern America,Culture,Culture-core,actor,11792199,566.5,53
172897,Q1398,Virgil,Male,Europe,Southern Europe,Culture,Culture-core,poet,5298929,566.5,74
134020,Q130531,Hieronymus_Bosch,Male,Europe,Western Europe,Culture,Culture-core,painter,6788331,568.0,70
149417,Q134798,Haruki_Murakami,Male,Asia,Eastern Asia,Culture,Culture-core,writer,10422076,569.0,55
1336999,Q42229,Mel_Gibson,Male,America,Northern America,Culture,Culture-core,film,25170756,571.5,42
2230734,Q834621,Bono,Male,Europe,Western Europe,Culture,Culture-core,singer,8333674,573.0,53
1392935,Q46373,Edgar_Degas,Male,Europe,Western Europe,Culture,Culture-core,painter,4350404,574.0,95
36925,Q106481,Alan_Rickman,Male,Europe,Western Europe,Culture,Culture-core,actor,31206666,576.0,53
2039573,Q71243,Clark_Gable,Male,America,Northern America,Culture,Culture-core,actor,9288927,577.0,58
458339,Q171091,Philip_K._Dick,Male,America,Northern America,Culture,Culture-core,novelist,7502698,579.0,62
1282096,Q38392,William_Faulkner,Male,America,Northern America,Culture,Culture-core,screenwriter,4875190,580.0,79
1318885,Q40572,Heath_Ledger,Male,Oceania,Oceania Western World,Culture,Culture-core,actor,43243856,581.0,40
1320852,Q40791,Sandra_Bullock,Female,America,Northern America,Culture,Culture-core,actor,27362900,583.5,41
1275673,Q38119,Daniel_Radcliffe,Male,Europe,Western Europe,Culture,Culture-core,actor,28103054,585.0,42
136663,Q131324,Janet_Jackson,Female,America,Northern America,Culture,Culture-core,actor,11653590,589.0,45
1464981,Q484523,Jared_Leto,Male,America,Northern America,Culture,Culture-core,actor,27746296,593.0,45
1326736,Q41406,Edvard_Munch,Male,Europe,Northern Europe,Culture,Culture-core,painter,6071972,594.0,83
2222472,Q81447,Aldous_Huxley,Male,Europe,Western Europe,Culture,Culture-core,poet,6455864,596.5,93
2230244,Q83321,Giacomo_Casanova,Male,Europe,Southern Europe,Culture,Culture-core,poet,5661563,596.5,63
198550,Q147077,Emma_Stone,Female,America,Northern America,Culture,Culture-core,actor,32055404,600.0,42
2264635,Q93284,Marc_Chagall,Male,Europe,Eastern Europe,Culture,Culture-core,painter,5415319,601.0,93
706731,Q212015,Johnny_Hallyday,Male,Europe,Western Europe,Culture,Culture-core,singer,10719654,602.5,58
1369606,Q44306,Salman_Rushdie,Male,Europe,Western Europe,Culture,Culture-core,writer,7110165,602.5,70
147386,Q134333,Roger_Moore,Male,Europe,Western Europe,Culture,Culture-core,actor,14810041,604.0,56
2224668,Q82083,John_Keats,Male,Europe,Western Europe,Culture,Culture-core,poet,3888796,605.0,71
137521,Q131725,Joan_Baez,Female,America,Northern America,Culture,Culture-core,singer,6290336,607.0,58
249929,Q155700,Chris_Brown,Male,America,Northern America,Culture,Culture-core,actor,16246388,608.0,50
1022146,Q294927,Jerry_Lewis,Male,America,Northern America,Culture,Culture-core,film,10804581,609.0,48
1796608,Q59215,Robert_Redford,Male,America,Northern America,Culture,Culture-core,actor,16089748,613.0,51
403308,Q166389,Daniel_Day-Lewis,Male,Europe,Western Europe,Culture,Culture-core,actor,16034840,614.0,43
2076842,Q7298,Antonín_Dvořák,Male,Europe,Western Europe,Culture,Culture-core,composer,4445970,616.0,75
185487,Q14441,Liza_Minnelli,Female,America,Northern America,Culture,Culture-core,actor,9947362,617.0,55
2219439,Q80739,Charlton_Heston,Male,America,Northern America,Culture,Culture-core,actor,8099652,618.5,59
548265,Q186327,Marilyn_Manson,Male,America,Northern America,Culture,Culture-core,actor,22143864,618.5,50
655219,Q205707,Bradley_Cooper,Male,America,Northern America,Culture,Culture-core,actor,32229998,620.0,39
951136,Q28054,Judi_Dench,Female,Europe,Western Europe,Culture,Culture-core,actor,10927716,622.0,45
1705783,Q55800,Oprah_Winfrey,Female,America,Northern America,Culture,Culture-core,actor,17804696,623.0,42
1276788,Q3816,George_Sand,Female,Europe,Western Europe,Culture,Culture-core,writer,4399479,624.0,92
1232,Q100937,Fred_Astaire,Male,America,Northern America,Culture,Culture-core,actor,6224676,626.5,67
2264585,Q9327,Guy_de_Maupassant,Male,Europe,Western Europe,Culture,Culture-core,writer,7349424,626.5,70
1439263,Q47551,Titian,Male,Europe,Southern Europe,Culture,Culture-core,painter,3720065,629.0,75
2222525,Q81520,Pierce_Brosnan,Male,Europe,Western Europe,Culture,Culture-core,actor,19104608,630.0,50
1794830,Q5912,Marcel_Duchamp,Male,Europe,Western Europe,Culture,Culture-core,actor,4511584,631.0,98
1958443,Q66075,Niccolò_Paganini,Male,Europe,Southern Europe,Culture,Culture-core,composer,5667755,632.0,66
1230080,Q36290,Diana_Ross,Female,America,Northern America,Culture,Culture-core,singer,11648245,636.0,47
1370503,Q4441,Emily_Dickinson,Female,America,Northern America,Culture,Culture-core,writer,4563886,637.0,77
1307545,Q395274,Michael_J._Fox,Male,America,Northern America,Culture,Culture-core,actor,21823850,640.0,44
1319422,Q40640,Ray_Bradbury,Male,America,Northern America,Culture,Culture-core,screenwriter,5525566,642.0,70
2202504,Q80069,Megan_Fox,Female,America,Northern America,Culture,Culture-core,actor,22289022,645.0,51
2244703,Q8927,Marion_Cotillard,Female,Europe,Western Europe,Culture,Culture-core,actor,16555256,646.0,44
220510,Q151973,Richard_Burton,Male,Europe,Western Europe,Culture,Culture-core,actor,6478183,647.0,67
479727,Q173637,Ice_Cube,Male,America,Northern America,Culture,Culture-core,actor,26075904,648.0,47
1376653,Q44903,Lindsay_Lohan,Female,America,Northern America,Culture,Culture-core,actor,18285636,649.5,42
589257,Q193815,Ryan_Gosling,Male,America,Northern America,Culture,Culture-core,actor,35357180,651.0,47
1191644,Q34743,Rudyard_Kipling,Male,Europe,Western Europe,Culture,Culture-core,writer,3419342,654.5,96
1373709,Q4465,Peter_Jackson,Male,Oceania,Oceania Western World,Culture,Culture-core,film,6502372,656.0,53
1463735,Q483379,Gwen_Stefani,Female,America,Northern America,Culture,Culture-core,singer,19684860,657.0,47
578276,Q19155,Henry_Fonda,Male,America,Northern America,Culture,Culture-core,actor,7155609,658.0,59
530199,Q182580,Shirley_Temple,Female,America,Northern America,Culture,Culture-core,actor,8803637,659.0,53
520272,Q181677,George_R._R._Martin,Male,America,Northern America,Culture,Culture-core,screenwriter,13586997,662.0,45
87988,Q11930,Kevin_Costner,Male,America,Northern America,Culture,Culture-core,actor,15406199,664.0,46
26299,Q104027,Kirk_Douglas,Male,America,Northern America,Culture,Culture-core,film,22812958,665.0,44
1479880,Q49001,Whoopi_Goldberg,Female,America,Northern America,Culture,Culture-core,actor,12179808,666.0,45
515096,Q180861,Roger_Waters,Male,Europe,Western Europe,Culture,Culture-core,composer,8596434,668.0,60
374871,Q16297,William_Shatner,Male,America,Northern America,Culture,Culture-core,actor,9554944,669.0,62
1356853,Q43416,Keanu_Reeves,Male,America,Northern America,Culture,Culture-core,actor,45462896,671.0,50
2222466,Q81438,Walt_Whitman,Male,America,Northern America,Culture,Culture-core,poet,5143596,676.0,80
70678,Q11617,Aaliyah,Female,America,Northern America,Culture,Culture-core,actor,14729841,678.0,50
37051,Q106508,Gérard_Depardieu,Male,Europe,Western Europe,Culture,Culture-core,actor,8769646,679.0,50
1713381,Q56005,Ridley_Scott,Male,Europe,Western Europe,Culture,Culture-core,film,13299363,680.0,47
1670502,Q55171,Pedro_Almodóvar,Male,Europe,Southern Europe,Culture,Culture-core,film,5265792,686.0,61
1246475,Q37150,Lana_Del_Rey,Female,America,Northern America,Culture,Culture-core,singer,19418480,687.0,41
1704783,Q55767,Astrid_Lindgren,Female,Europe,Northern Europe,Culture,Culture-core,screenwriter,5375976,688.0,73
2181684,Q78491,Stefan_Zweig,Male,Europe,Western Europe,Culture,Culture-core,writer,5146152,689.0,77
432310,Q168724,Emma_Thompson,Female,Europe,Western Europe,Culture,Culture-core,actor,13440047,690.0,45
2302,Q101797,Winona_Ryder,Female,America,Northern America,Culture,Culture-core,actor,24781200,692.0,47
1365618,Q44007,Paul_Klee,Male,Europe,Western Europe,Culture,Culture-core,painter,4090595,693.0,88
465371,Q171905,Jamie_Foxx,Male,America,Northern America,Culture,Culture-core,actor,13292519,695.0,53
1557864,Q51506,Richard_Attenborough,Male,Europe,Western Europe,Culture,Culture-core,screenwriter,6269278,696.0,70
2264901,Q93343,Percy_Bysshe_Shelley,Male,Europe,Western Europe,Culture,Culture-core,poet,4232527,697.0,86
131786,Q129817,Russell_Crowe,Male,Oceania,Oceania Western World,Culture,Culture-core,actor,15215718,699.5,42
1370452,Q44403,Heinrich_Heine,Male,Europe,Western Europe,Culture,Culture-core,poet,3280540,701.0,88
287935,Q159758,J._M._W._Turner,Male,Europe,Western Europe,Culture,Culture-core,painter,5248796,702.5,93
374811,Q16296,Patrick_Stewart,Male,Europe,Western Europe,Culture,Culture-core,actor,13005697,702.5,56
380391,Q16345,Leonard_Nimoy,Male,America,Northern America,Culture,Culture-core,actor,7669058,706.0,62
137156,Q131545,Harry_Houdini,Male,America,Northern America,Culture,Culture-core,actor,11527812,708.0,53
28309,Q104372,Doris_Day,Female,America,Northern America,Culture,Culture-core,actor,9473243,710.0,52
146272,Q134180,Truman_Capote,Male,America,Northern America,Culture,Culture-core,screenwriter,7186642,711.5,80
1326410,Q41351,Jodie_Foster,Female,America,Northern America,Culture,Culture-core,actor,17375932,713.0,40
532156,Q183337,David_Attenborough,Male,Europe,Western Europe,Culture,Culture-core,actor,10333720,716.0,63
1248006,Q372311,Glenn_Close,Female,America,Northern America,Culture,Culture-core,actor,6511688,718.0,53
453807,Q170510,Ian_McKellen,Male,Europe,Western Europe,Culture,Culture-core,actor,15904138,720.0,44
719684,Q215359,Dean_Martin,Male,America,Northern America,Culture,Culture-core,actor,10336066,722.0,60
2199130,Q79904,J._D._Salinger,Male,America,Northern America,Culture,Culture-core,writer,5801933,723.0,59
458548,Q171128,Diego_Rivera,Male,America,Central America,Culture,Culture-core,painter,7933496,725.0,60
1465912,Q485298,Gillian_Anderson,Female,America,Northern America,Culture,Culture-core,actor,12666889,728.0,52
1607523,Q53001,Jean-Luc_Godard,Male,Europe,Western Europe,Culture,Culture-core,film,4589739,731.0,69
1515700,Q502,Stendhal,Male,Europe,Western Europe,Culture,Culture-core,writer,3656976,734.0,83
24232,Q103876,Peter_O'Toole,Male,Europe,Western Europe,Culture,Culture-core,actor,5843467,735.0,53
1370194,Q44380,Cameron_Diaz,Female,America,Northern America,Culture,Culture-core,actor,24466282,737.0,47
189332,Q1450,Bruno_Mars,Male,America,Northern America,Culture,Culture-core,singer,33251300,739.0,38
1551091,Q512,Vladimir_Vysotsky,Male,Europe,Eastern Europe,Culture,Culture-core,poet,6012350,740.5,52
43745,Q108366,Gregory_Peck,Male,America,Northern America,Culture,Culture-core,actor,8849409,743.0,54
1976544,Q676094,Drew_Barrymore,Female,America,Northern America,Culture,Culture-core,actor,18032794,744.0,44
25525,Q103949,Buster_Keaton,Male,America,Northern America,Culture,Culture-core,film,4666744,746.5,63
1465162,Q484615,Ethan_Hawke,Male,America,Northern America,Culture,Culture-core,actor,12114656,748.0,45
1746875,Q5683,Geoffrey_Chaucer,Male,Europe,Western Europe,Culture,Culture-core,poet,3658921,750.0,73
2148955,Q76364,Hans_Zimmer,Male,Europe,Western Europe,Culture,Culture-core,composer,11414463,751.5,48
1064208,Q306403,James_Franco,Male,America,Northern America,Culture,Culture-core,actor,27398906,751.5,43
1361854,Q43718,Nikolai_Gogol,Male,Europe,Eastern Europe,Culture,Culture-core,novelist,8477985,762.0,81
554916,Q187019,Philip_Roth,Male,America,Northern America,Culture,Culture-core,writer,4164208,768.0,77
2197616,Q79759,John_Milton,Male,Europe,Western Europe,Culture,Culture-core,writer,3439864,772.0,83
137843,Q131861,Sergei_Rachmaninoff,Male,Europe,Eastern Europe,Culture,Culture-core,composer,5692524,773.0,66
494680,Q175195,Peter_Gabriel,Male,Europe,Western Europe,Culture,Culture-core,singer,5979809,776.0,63
2282587,Q9726,Gioachino_Rossini,Male,Europe,Southern Europe,Culture,Culture-core,composer,3555894,778.5,94
28220,Q104358,Billie_Holiday,Female,America,Northern America,Culture,Culture-core,singer,5943821,782.5,67
888877,Q263696,Debbie_Reynolds,Female,America,Northern America,Culture,Culture-core,singer,18546120,784.0,48
2184790,Q79025,Walter_Scott,Male,Europe,Western Europe,Culture,Culture-core,poet,3169238,792.0,87
2230214,Q83309,Johann_Strauss_II,Male,Europe,Western Europe,Culture,Culture-core,composer,3438814,794.0,72
2230915,Q835,Mikhail_Bulgakov,Male,Europe,Eastern Europe,Culture,Culture-core,novelist,4932654,797.0,68
94986,Q120993,Amedeo_Modigliani,Male,Europe,Southern Europe,Culture,Culture-core,painter,4628038,799.0,65
567474,Q189080,Lou_Reed,Male,America,Northern America,Culture,Culture-core,singer,6038350,800.0,74
174036,Q1402,Giovanni_Boccaccio,Male,Europe,Southern Europe,Culture,Culture-core,writer,3435780,803.5,88
2228812,Q82925,Joseph_Conrad,Male,Europe,Eastern Europe,Culture,Culture-core,writer,3442186,808.0,84
220212,Q151803,Piet_Mondrian,Male,Europe,Western Europe,Culture,Culture-core,painter,5472545,812.0,76
2062776,Q7198,Ovid,Male,Europe,Southern Europe,Culture,Culture-core,poet,4113473,814.5,67
1494108,Q49481,Sergei_Prokofiev,Male,Europe,Eastern Europe,Culture,Culture-core,composer,4312090,818.5,88
540142,Q184805,Tom_Waits,Male,America,Northern America,Culture,Culture-core,singer,6617588,821.0,58
2229633,Q83155,Jacques-Louis_David,Male,Europe,Western Europe,Culture,Culture-core,painter,3010177,826.0,80
119438,Q12706,Maxim_Gorky,Male,Europe,Eastern Europe,Culture,Culture-core,writer,5867596,828.0,80
1415284,Q47122,Enrique_Iglesias,Male,Europe,Southern Europe,Culture,Culture-core,singer,19066204,830.0,39
1413845,Q47100,Ben_Stiller,Male,America,Northern America,Culture,Culture-core,screenwriter,13829143,836.0,46
2065380,Q7235,Sophocles,Male,Europe,Southern Europe,Culture,Culture-core,writer,5085055,838.0,62
2150543,Q76483,Rainer_Maria_Rilke,Male,Europe,Western Europe,Culture,Culture-core,writer,3586617,847.0,89
1328459,Q41548,Antonio_Banderas,Male,Europe,Southern Europe,Culture,Culture-core,singer,14365355,848.0,61
1353398,Q43270,Pieter_Bruegel_the_Elder,Male,Europe,Western Europe,Culture,Culture-core,painter,3692644,854.5,72
1316737,Q40213,W._B._Yeats,Male,Europe,Western Europe,Culture,Culture-core,poet,3136430,859.0,97
1152949,Q332032,Alice_Cooper,Male,America,Northern America,Culture,Culture-core,singer,8569786,861.0,43
530305,Q182665,Iggy_Pop,Male,America,Northern America,Culture,Culture-core,singer,9342641,874.5,57
656984,Q206112,Willie_Nelson,Male,America,Northern America,Culture,Culture-core,singer,9983816,877.0,52
338654,Q1618,Charles_Lindbergh,Male,America,Northern America,Culture,Culture-core,writer,6467976,878.0,45
533337,Q183492,Margaret_Atwood,Female,America,Northern America,Culture,Culture-core,writer,5226169,879.5,74
531749,Q183266,Samuel_Johnson,Male,Europe,Western Europe,Culture,Culture-core,writer,3458331,885.5,76
134614,Q130742,Alanis_Morissette,Female,America,Northern America,Culture,Culture-core,singer,7556021,898.0,46
1412716,Q47087,Arthur_C._Clarke,Male,Europe,Western Europe,Culture,Culture-core,screenwriter,3991543,901.0,61
477557,Q173481,Fernando_Pessoa,Male,Europe,Southern Europe,Culture,Culture-core,poet,3482235,903.5,63
566128,Q188492,Seth_MacFarlane,Male,America,Northern America,Culture,Culture-core,screenwriter,15923673,906.0,41
1708850,Q5586,Hokusai,Male,Asia,Eastern Asia,Culture,Culture-core,painter,4181907,911.0,69
1076247,Q309926,Lemmy,Male,Europe,Western Europe,Culture,Culture-core,singer,12384692,913.0,51
1509395,Q4985,Herman_Melville,Male,America,Northern America,Culture,Culture-core,novelist,3611108,915.0,87
1325411,Q41223,Boris_Pasternak,Male,Europe,Eastern Europe,Culture,Culture-core,writer,3840800,916.5,66
379167,Q163366,Ezra_Pound,Male,America,Northern America,Culture,Culture-core,poet,3443045,921.0,81
23048,Q103774,Ravi_Shankar,Male,Asia,South Asia incl. Indian Peninsula,Culture,Culture-core,composer,4595515,923.5,60
2253801,Q908933,Donna_Summer,Female,America,Northern America,Culture,Culture-core,singer,5469105,926.0,46
1244741,Q37060,José_Saramago,Male,Europe,Southern Europe,Culture,Culture-core,writer,3198800,927.0,55
141167,Q133054,Sylvia_Plath,Female,America,Northern America,Culture,Culture-core,poet,6206139,932.0,60
536748,Q18391,Elie_Wiesel,Male,Asia,Western Asia (Middle East Caucasus),Culture,Culture-core,writer,4287228,939.0,58
573386,Q190076,Joe_Cocker,Male,Europe,Western Europe,Culture,Culture-core,singer,6195568,944.5,61
501963,Q1768,Ella_Fitzgerald,Female,America,Northern America,Culture,Culture-core,singer,4844588,944.5,56
1192349,Q347879,Vanessa_Redgrave,Female,Europe,Western Europe,Culture,Culture-core,screenwriter,7570719,950.0,50
1874929,Q6197,Horace,Male,Europe,Southern Europe,Culture,Culture-core,poet,3324407,957.0,62
397466,Q165911,Usher_(musician),Male,America,Northern America,Culture,Culture-core,singer,4133864,961.5,47
1392041,Q46248,Terry_Pratchett,Male,Europe,Western Europe,Culture,Culture-core,writer,5099438,964.0,47
1386274,Q45682,Jean_Sibelius,Male,Europe,Northern Europe,Culture,Culture-core,composer,2631700,975.0,80
66436,Q1151,Hector_Berlioz,Male,Europe,Western Europe,Culture,Culture-core,composer,2341039,979.0,94
1463000,Q48305,Euripides,Male,Europe,Southern Europe,Culture,Culture-core,writer,3612585,980.0,65
169730,Q13894,Richard_Strauss,Male,Europe,Western Europe,Culture,Culture-core,composer,3295093,983.5,81
466680,Q172140,Michael_Crichton,Male,America,Northern America,Culture,Culture-core,screenwriter,5633629,985.0,65
127448,Q128799,Ricky_Martin,Male,Europe,Southern Europe,Culture,Culture-core,singer,12891079,986.0,39
2229642,Q83158,Jean_Cocteau,Male,Europe,Western Europe,Culture,Culture-core,painter,3331559,990.0,124
2005,Q101638,Mary_Wollstonecraft,Female,Europe,Western Europe,Culture,Culture-core,writer,2690424,996.0,64
1384921,Q45546,William_Wordsworth,Male,Europe,Western Europe,Culture,Culture-core,poet,4279569,1012.0,77
2180205,Q7836,René_Magritte,Male,Europe,Western Europe,Culture,Culture-core,painter,5373862,1015.0,91
2173438,Q7814,Giotto,Male,Europe,Southern Europe,Culture,Culture-core,painter,3417939,1016.0,64
26606,Q104081,Mickey_Rooney,Male,America,Northern America,Culture,Culture-core,singer,6129530,1017.0,53
520043,Q181659,Ursula_K._Le_Guin,Female,America,Northern America,Culture,Culture-core,writer,3211772,1020.0,52
492523,Q174957,Nina_Simone,Female,America,Northern America,Culture,Culture-core,singer,8115163,1022.5,48
634862,Q199943,Adriano_Celentano,Male,Europe,Southern Europe,Culture,Culture-core,singer,8889762,1048.0,42
1543304,Q51023,Vanessa_Paradis,Female,Europe,Western Europe,Culture,Culture-core,singer,11120738,1052.0,47
30616,Q104884,Caspar_David_Friedrich,Male,Europe,Western Europe,Culture,Culture-core,painter,3034661,1053.0,65
107505,Q123829,George_Gershwin,Male,America,Northern America,Culture,Culture-core,composer,4009434,1056.0,83
1189905,Q34618,Gustave_Courbet,Male,Europe,Western Europe,Culture,Culture-core,painter,3086021,1058.0,83
572095,Q189758,Marvin_Gaye,Male,America,Northern America,Culture,Culture-core,singer,11595526,1060.5,43
2235114,Q862,Joseph_Brodsky,Male,Europe,Eastern Europe,Culture,Culture-core,poet,3250197,1064.0,65
2264369,Q93227,Nikolai_Rimsky-Korsakov,Male,Europe,Eastern Europe,Culture,Culture-core,composer,2767002,1065.0,77
565414,Q188176,William_S._Burroughs,Male,America,Northern America,Culture,Culture-core,writer,4250580,1066.0,78
1322017,Q40939,Aeschylus,Male,Europe,Southern Europe,Culture,Culture-core,writer,4010743,1068.5,68
1229233,Q36233,Václav_Havel,Male,Europe,Eastern Europe,Culture,Culture-core,writer,2969636,1071.5,51
1357230,Q43444,Gustave_Flaubert,Male,Europe,Western Europe,Culture,Culture-core,novelist,3974679,1077.0,92
296799,Q160009,Pink_(singer),Female,America,Northern America,Culture,Culture-core,singer,14869215,1082.0,36
1464071,Q483507,Kelly_Clarkson,Female,America,Northern America,Culture,Culture-core,singer,9361442,1083.0,38
679359,Q208258,France_Gall,Female,Europe,Western Europe,Culture,Culture-core,singer,5673038,1084.0,50
1317717,Q4028,Paul_Simon,Male,America,Northern America,Culture,Culture-core,singer,9935762,1087.0,49
573565,Q190151,Bruce_Dickinson,Male,Europe,Western Europe,Culture,Culture-core,singer,5699718,1089.5,46
515463,Q180975,Andrew_Lloyd_Webber,Male,Europe,Western Europe,Culture,Culture-core,screenwriter,5552748,1098.0,51
210080,Q150445,Camille_Saint-Saëns,Male,Europe,Western Europe,Culture,Culture-core,composer,3078039,1099.0,83
506550,Q17892,Sappho,Female,Europe,Southern Europe,Culture,Culture-core,poet,3842155,1113.0,45
1399699,Q46739,Octavio_Paz,Male,America,Central America,Culture,Culture-core,poet,2991688,1119.0,73
140204,Q132805,Thomas_Hardy,Male,Europe,Western Europe,Culture,Culture-core,poet,3601780,1122.0,89
565983,Q188385,Gertrude_Stein,Female,America,Northern America,Culture,Culture-core,writer,3392115,1137.0,66
1393217,Q46408,Georgia_O'Keeffe,Female,America,Northern America,Culture,Culture-core,painter,3389305,1140.0,72
531004,Q182804,Karen_Blixen,Female,Europe,Northern Europe,Culture,Culture-core,writer,3306079,1154.0,60
1395441,Q46599,Mikhail_Lermontov,Male,Europe,Eastern Europe,Culture,Culture-core,poet,5621685,1162.0,67
191072,Q14540,Tina_Fey,Female,America,Northern America,Culture,Culture-core,screenwriter,9115926,1163.5,37
2065265,Q72334,Toni_Morrison,Female,America,Northern America,Culture,Culture-core,writer,2896808,1169.0,59
248196,Q155407,Jean-Michel_Basquiat,Male,America,Northern America,Culture,Culture-core,painter,8654964,1227.0,60
233750,Q154340,Francis_Bacon_(artist),Male,Europe,Western Europe,Culture,Culture-core,painter,3184752,1304.0,84
1365961,Q44032,Egon_Schiele,Male,Europe,Western Europe,Culture,Culture-core,painter,3860142,1308.0,72
3011,Q102272,Jan_van_Eyck,Male,Europe,Western Europe,Culture,Culture-core,painter,2360535,1353.0,74
150086,Q134958,Taras_Shevchenko,Male,Europe,Eastern Europe,Culture,Culture-core,painter,4273272,1451.5,42
134709,Q130777,Kazimir_Malevich,Male,Europe,Eastern Europe,Culture,Culture-core,painter,3108510,1460.0,57
470105,Q172911,Ilya_Repin,Male,Europe,Eastern Europe,Culture,Culture-core,painter,2256398,1503.0,48
149114,Q134741,Camille_Pissarro,Male,Europe,Northern Europe,Culture,Culture-core,painter,2246099,1548.0,78
244727,Q154842,Max_Ernst,Male,Europe,Western Europe,Culture,Culture-core,painter,2385991,1562.0,94
2137798,Q75698,Samuel_Morse,Male,America,Northern America,Culture,Culture-core,painter,2488445,1580.0,57
783014,Q23380,Jean-Auguste-Dominique_Ingres,Male,Europe,Western Europe,Culture,Culture-core,painter,1519971,1622.0,81
579172,Q192062,Bartolomé_Esteban_Murillo,Male,Europe,Southern Europe,Culture,Culture-core,painter,2048478,1734.0,63
304222,Q160149,Mark_Rothko,Male,America,Northern America,Culture,Culture-core,painter,3003422,1755.0,68
1176989,Q34013,Georges_Seurat,Male,Europe,Western Europe,Culture,Culture-core,painter,2690116,1785.0,65
708913,Q212657,Artemisia_Gentileschi,Female,Europe,Southern Europe,Culture,Culture-core,painter,2160917,1812.0,52
518749,Q181568,Ivan_Aivazovsky,Male,Europe,Eastern Europe,Culture,Culture-core,painter,2372606,1841.0,44
